{
    "general":{
        "dimensions":3,
        "mat_variants":3,
        "user_element_number":24,
        "scale":25e-3,
        "nodes_per_element":4
    },
    "constants":{
        "L":3.750000e-04,
        "M":5.0e4,
        "ks":1.477894e+00,
        "kg":1.494016e+00,
        "al":0.0,
        "Ti":3.121500e+02,
        "la":0.0,
        "c":0.0,
        "ro":0.0,
        "ga":0.879902e+00,
        "th":1.032093e+00,
        "T0":850.0,
        "Ts":312.15,
        "op":1.0,
        "aa":5.028000e+01,
        "dd":-5.028000e+02,
        "G":1.5084e-02,
        "a":6.35e-03,
        "k":0.6
    },
    "materials":{
        "elasticitys":[
            [2.685500e+05, 1.169500e+05, 7.580000e+04],
            [2.685500e+05, 1.169500e+05, 7.580000e+04],
            [2.685500e+05, 1.169500e+05, 7.580000e+04],
            [2.685500e+05, 1.169500e+05, 7.580000e+04]
        ],
        "eigenstrains":[
            ["-0.0877*k", " 0.1366*k", "-0.0070*k", "      0*k", "-0.0248*k", "      0*k"],
            ["-0.0070*k", "-0.0877*k", " 0.1366*k", "-0.0248*k", "      0*k", "      0*k"],
            [" 0.1366*k", "-0.0070*k", "-0.0877*k", "      0*k", "      0*k", "-0.0248*k"],
            ["-0.0877*k", " 0.1366*k", "-0.0070*k", "      0*k", " 0.0248*k", "      0*k"],
            ["-0.0070*k", "-0.0877*k", " 0.1366*k", " 0.0248*k", "      0*k", "      0*k"],
            [" 0.1366*k", "-0.0070*k", "-0.0877*k", "      0*k", "      0*k", "-0.0248*k"],
            ["-0.0877*k", " 0.1366*k", "-0.0070*k", "      0*k", "-0.0248*k", "      0*k"],
            ["-0.0070*k", "-0.0877*k", " 0.1366*k", " 0.0248*k", "      0*k", "      0*k"],
            [" 0.1366*k", "-0.0070*k", "-0.0877*k", "      0*k", "      0*k", " 0.0248*k"],
            ["-0.0877*k", " 0.1366*k", "-0.0070*k", "      0*k", " 0.0248*k", "      0*k"],
            ["-0.0070*k", "-0.0877*k", " 0.1366*k", "-0.0248*k", "      0*k", "      0*k"],
            [" 0.1366*k", "-0.0070*k", "-0.0877*k", "      0*k", "      0*k", " 0.0248*k"] 
        ],
        "irrevers":"1 1e-8",
        "interpol": 5
    },
    "nmodel":{
    }
}